year,per_capita_income
2000,18987.38241
2001,18601.39724
2002,19232.17556
2003,22739.42628
2004,25719.14715
2005,29198.05569
2006,32738.2629
2007,36144.48122
2008,37446.48609
2009,32755.17682
2010,38420.52289
2011,42334.71121
2012,42665.25597
2013,42676.46837
2014,41039.8936
2015,35175.18898
2016,34229.19363